5d581dcd5148282aebfe3636,5d573570930d0a23ddcc7b55,student
5d581dcd5148282aebfe3634,5d573570930d0a23ddcc7b57,student
5d581dcd5148282aebfe3638,5d573570930d0a23ddcc7b58,student
5d581dcd5148282aebfe363a,5d573570930d0a23ddcc7b59,student
5d581dcd5148282aebfe3640,5d573570930d0a23ddcc7b56,teacher
5d581dcd5148282aebfe3632,5d573570930d0a23ddcc7b5a,student
5d581dcd5148282aebfe363c,5d573570930d0a23ddcc7b5c,student
5d581dcd5148282aebfe363e,5d573570930d0a23ddcc7b5d,student
5d581dcd5148282aebfe3642,5d573570930d0a23ddcc7b5b,student
5d581dcd5148282aebfe3644,5d573570930d0a23ddcc7b5e,student
5d581dcd5148282aebfe3646,5d573570930d0a23ddcc7b5f,student
5d581dcd5148282aebfe3648,5d573570930d0a23ddcc7b61,student
5d581dcd5148282aebfe364a,5d573570930d0a23ddcc7b62,student
5d581dcd5148282aebfe364c,5d573570930d0a23ddcc7b60,student
5d581dcd5148282aebfe364e,5d573570930d0a23ddcc7b63,student
5d581dcd5148282aebfe3650,5d573570930d0a23ddcc7b64,student
5d581dcd5148282aebfe3652,5d573570930d0a23ddcc7b66,student
5d581dcd5148282aebfe3654,5d573570930d0a23ddcc7b67,student
5d581dcd5148282aebfe3656,5d573570930d0a23ddcc7b65,student
5d581dcd5148282aebfe3658,5d573570930d0a23ddcc7b68,student
5d581dcd5148282aebfe365a,5d573570930d0a23ddcc7b69,student
5d581dcd5148282aebfe365c,5d573570930d0a23ddcc7b6a,student
5d581dcd5148282aebfe365e,5d573570930d0a23ddcc7b6b,student
5d581dcd5148282aebfe3660,5d573570930d0a23ddcc7b6c,student
5d581dcd5148282aebfe3662,5d573570930d0a23ddcc7b6d,student
5d581dcd5148282aebfe3664,5d573570930d0a23ddcc7b6e,student
5d581dcd5148282aebfe3666,5d573570930d0a23ddcc7b70,student
5d581dcd5148282aebfe3668,5d573570930d0a23ddcc7b6f,student
5d581dcd5148282aebfe366a,5d573570930d0a23ddcc7b71,student
5d581dcd5148282aebfe366c,5d573570930d0a23ddcc7b73,student
5d581dcd5148282aebfe366e,5d573570930d0a23ddcc7b72,student
5d581dcd5148282aebfe3670,5d573570930d0a23ddcc7b75,student
5d581dcd5148282aebfe3672,5d573570930d0a23ddcc7b76,student
5d581dcd5148282aebfe3674,5d573570930d0a23ddcc7b74,student
5d581dcd5148282aebfe3676,5d573570930d0a23ddcc7b77,student
5d581dcd5148282aebfe3678,5d573570930d0a23ddcc7b78,student
5d581dcd5148282aebfe367a,5d573570930d0a23ddcc7b7a,student
5d581dcd5148282aebfe367c,5d573570930d0a23ddcc7b79,student
5d581dcd5148282aebfe367e,5d573570930d0a23ddcc7b7b,student
5d581dcd5148282aebfe3680,5d573570930d0a23ddcc7b7c,student
5d581dcd5148282aebfe3682,5d573570930d0a23ddcc7b7d,student
5d581dcd5148282aebfe3684,5d573570930d0a23ddcc7b7f,student
5d581dcd5148282aebfe3686,5d573570930d0a23ddcc7b80,student
5d581dcd5148282aebfe3688,5d573570930d0a23ddcc7b7e,student
5d581dcd5148282aebfe368a,5d573570930d0a23ddcc7b81,student
5d581dcd5148282aebfe368c,5d573570930d0a23ddcc7b82,student
5d581dcd5148282aebfe368e,5d573570930d0a23ddcc7b83,student
5d581dcd5148282aebfe3690,5d573570930d0a23ddcc7b84,student
5d581dcd5148282aebfe3692,5d573570930d0a23ddcc7b85,student
5d581dcd5148282aebfe3694,5d573570930d0a23ddcc7b87,student
5d581dcd5148282aebfe3696,5d573570930d0a23ddcc7b86,student
5d581dcd5148282aebfe3698,5d573570930d0a23ddcc7b88,student
5d581dcd5148282aebfe369a,5d573570930d0a23ddcc7b89,student
5d581dcd5148282aebfe369c,5d573570930d0a23ddcc7b8a,student
5d581dcd5148282aebfe369e,5d573570930d0a23ddcc7b8b,student
5d581dcd5148282aebfe36a0,5d573570930d0a23ddcc7b8c,student
5d581dcd5148282aebfe36a2,5d573570930d0a23ddcc7b8d,student
5d581dcd5148282aebfe36a4,5d573570930d0a23ddcc7b8e,student
5d581dcd5148282aebfe36a6,5d573570930d0a23ddcc7b8f,student
5d581dcd5148282aebfe36a8,5d573570930d0a23ddcc7b90,student
5d581dcd5148282aebfe36aa,5d573570930d0a23ddcc7b91,student
5d581dcd5148282aebfe36ac,5d573570930d0a23ddcc7b92,student
5d581dcd5148282aebfe36ae,5d573570930d0a23ddcc7b93,student
5d581dcd5148282aebfe36b0,5d573570930d0a23ddcc7b94,student
5d581dcd5148282aebfe36b2,5d573570930d0a23ddcc7b95,student
5d581dcd5148282aebfe36b4,5d573570930d0a23ddcc7b96,student
5d581dcd5148282aebfe36b6,5d573570930d0a23ddcc7b97,student
5d581dcd5148282aebfe36b8,5d573570930d0a23ddcc7b98,student
5d581dcd5148282aebfe36ba,5d573570930d0a23ddcc7b99,student
5d581dcd5148282aebfe36bc,5d573570930d0a23ddcc7b9a,student
5d581dcd5148282aebfe36be,5d573570930d0a23ddcc7b9b,student
5d581dcd5148282aebfe36c0,5d573570930d0a23ddcc7b9c,student
5d581dcd5148282aebfe36c2,5d573570930d0a23ddcc7b9d,student
5d581dcd5148282aebfe36c4,5d573570930d0a23ddcc7b9e,student
5d581dcd5148282aebfe36c6,5d573570930d0a23ddcc7b9f,student
5d581dcd5148282aebfe36c8,5d573570930d0a23ddcc7ba0,student
5d581dcd5148282aebfe36ca,5d573570930d0a23ddcc7ba1,student
5d581dcd5148282aebfe36cc,5d573570930d0a23ddcc7ba2,student
5d581dcd5148282aebfe36ce,5d573570930d0a23ddcc7ba3,student
5d581dcd5148282aebfe36d0,5d573570930d0a23ddcc7ba4,student
5d581dcd5148282aebfe36d2,5d573570930d0a23ddcc7ba5,student
5d581dcd5148282aebfe36d4,5d573570930d0a23ddcc7ba7,student
5d581dcd5148282aebfe36d6,5d573570930d0a23ddcc7ba8,student
5d581dcd5148282aebfe36d8,5d573570930d0a23ddcc7ba6,student
5d581dcd5148282aebfe36da,5d573570930d0a23ddcc7ba9,student
5d581dcd5148282aebfe36dc,5d573570930d0a23ddcc7baa,student
5d581dcd5148282aebfe36de,5d573570930d0a23ddcc7bab,student
5d581dcd5148282aebfe36e0,5d573570930d0a23ddcc7bac,student
5d581dcd5148282aebfe36e2,5d573570930d0a23ddcc7bad,student
5d581dcd5148282aebfe36e4,5d573570930d0a23ddcc7bae,student
5d581dcd5148282aebfe36e6,5d573570930d0a23ddcc7b55,student
5d581dcd5148282aebfe36e8,5d573570930d0a23ddcc7b57,student
5d581dcd5148282aebfe36ea,5d573570930d0a23ddcc7b58,student
5d581dcd5148282aebfe36ec,5d573570930d0a23ddcc7b59,student
5d581dcd5148282aebfe36ee,5d573570930d0a23ddcc7b56,student
5d581dcd5148282aebfe36f0,5d573570930d0a23ddcc7b5a,student
5d581dcd5148282aebfe36f2,5d573570930d0a23ddcc7b5c,student
5d581dcd5148282aebfe36f4,5d573570930d0a23ddcc7b5d,student
5d581dcd5148282aebfe36f6,5d573570930d0a23ddcc7b5b,student
5d581dcd5148282aebfe36f8,5d573570930d0a23ddcc7b5e,student
5d581dcd5148282aebfe36fa,5d573570930d0a23ddcc7b5f,student
5d581dcd5148282aebfe36fc,5d573570930d0a23ddcc7b61,student
5d581dcd5148282aebfe36fe,5d573570930d0a23ddcc7b62,student
5d581dcd5148282aebfe3700,5d573570930d0a23ddcc7b60,student
5d581dcd5148282aebfe3702,5d573570930d0a23ddcc7b63,student
5d581dcd5148282aebfe3704,5d573570930d0a23ddcc7b64,student
5d581dcd5148282aebfe3706,5d573570930d0a23ddcc7b66,student
5d581dcd5148282aebfe3708,5d573570930d0a23ddcc7b67,student
5d581dcd5148282aebfe370a,5d573570930d0a23ddcc7b65,student
5d581dcd5148282aebfe370c,5d573570930d0a23ddcc7b68,student
5d581dcd5148282aebfe370e,5d573570930d0a23ddcc7b69,student
5d581dcd5148282aebfe3710,5d573570930d0a23ddcc7b6a,student
5d581dcd5148282aebfe3712,5d573570930d0a23ddcc7b6b,student
5d581dcd5148282aebfe3714,5d573570930d0a23ddcc7b6c,student
5d581dcd5148282aebfe3716,5d573570930d0a23ddcc7b6d,student
5d581dcd5148282aebfe3718,5d573570930d0a23ddcc7b6e,student
5d581dcd5148282aebfe371a,5d573570930d0a23ddcc7b70,student
5d581dcd5148282aebfe371c,5d573570930d0a23ddcc7b6f,student
5d581dcd5148282aebfe371e,5d573570930d0a23ddcc7b71,student
5d581dcd5148282aebfe3720,5d573570930d0a23ddcc7b73,student
5d581dcd5148282aebfe3722,5d573570930d0a23ddcc7b72,student
5d581dcd5148282aebfe3724,5d573570930d0a23ddcc7b75,student
5d581dcd5148282aebfe3726,5d573570930d0a23ddcc7b76,student
5d581dcd5148282aebfe3728,5d573570930d0a23ddcc7b74,student
5d581dcd5148282aebfe372a,5d573570930d0a23ddcc7b77,student
5d581dcd5148282aebfe372c,5d573570930d0a23ddcc7b78,student
5d581dcd5148282aebfe372e,5d573570930d0a23ddcc7b7a,student
5d581dce5148282aebfe3730,5d573570930d0a23ddcc7b79,student
5d581dce5148282aebfe3736,5d573570930d0a23ddcc7b7b,student
5d581dce5148282aebfe3732,5d573570930d0a23ddcc7b7c,student
5d581dce5148282aebfe3734,5d573570930d0a23ddcc7b7d,student
5d581dce5148282aebfe3738,5d573570930d0a23ddcc7b7f,teacher
5d581dce5148282aebfe373a,5d573570930d0a23ddcc7b80,student
5d581dce5148282aebfe373e,5d573570930d0a23ddcc7b7e,student
5d581dce5148282aebfe3740,5d573570930d0a23ddcc7b81,student
5d581dce5148282aebfe373c,5d573570930d0a23ddcc7b82,student
5d581dce5148282aebfe3742,5d573570930d0a23ddcc7b83,student
5d581dce5148282aebfe3744,5d573570930d0a23ddcc7b84,student
5d581dce5148282aebfe3748,5d573570930d0a23ddcc7b85,student
5d581dce5148282aebfe3746,5d573570930d0a23ddcc7b87,student
5d581dce5148282aebfe374a,5d573570930d0a23ddcc7b86,student
5d581dce5148282aebfe374c,5d573570930d0a23ddcc7b88,student
5d581dce5148282aebfe374e,5d573570930d0a23ddcc7b89,student
5d581dce5148282aebfe3752,5d573570930d0a23ddcc7b8a,student
5d581dce5148282aebfe3754,5d573570930d0a23ddcc7b8b,student
5d581dce5148282aebfe3750,5d573570930d0a23ddcc7b8c,student
5d581dce5148282aebfe3756,5d573570930d0a23ddcc7b8d,student
5d581dce5148282aebfe3758,5d573570930d0a23ddcc7b8e,student
5d581dce5148282aebfe375c,5d573570930d0a23ddcc7b8f,student
5d581dce5148282aebfe375a,5d573570930d0a23ddcc7b90,student
5d581dcd5148282aebfe3636,5d573570930d0a23ddcc7b91,student
5d581dcd5148282aebfe3634,5d573570930d0a23ddcc7b92,student
5d581dcd5148282aebfe3638,5d573570930d0a23ddcc7b93,student
5d581dcd5148282aebfe363a,5d573570930d0a23ddcc7b94,student
5d581dcd5148282aebfe3640,5d573570930d0a23ddcc7b95,teacher
5d581dcd5148282aebfe3632,5d573570930d0a23ddcc7b96,student
5d581dcd5148282aebfe363c,5d573570930d0a23ddcc7b97,student
5d581dcd5148282aebfe363e,5d573570930d0a23ddcc7b98,student
5d581dcd5148282aebfe3642,5d573570930d0a23ddcc7b99,student
5d581dcd5148282aebfe3644,5d573570930d0a23ddcc7b9a,student
5d581dcd5148282aebfe3646,5d573570930d0a23ddcc7b9b,student
5d581dcd5148282aebfe3648,5d573570930d0a23ddcc7b9c,student
5d581dcd5148282aebfe364a,5d573570930d0a23ddcc7b9d,student
5d581dcd5148282aebfe364c,5d573570930d0a23ddcc7b9e,student
5d581dcd5148282aebfe364e,5d573570930d0a23ddcc7b9f,student
5d581dcd5148282aebfe3650,5d573570930d0a23ddcc7ba0,student
5d581dcd5148282aebfe3652,5d573570930d0a23ddcc7ba1,student
5d581dcd5148282aebfe3654,5d573570930d0a23ddcc7ba2,student
5d581dcd5148282aebfe3656,5d573570930d0a23ddcc7ba3,student
5d581dcd5148282aebfe3658,5d573570930d0a23ddcc7ba4,student
5d581dcd5148282aebfe365a,5d573570930d0a23ddcc7ba5,student
5d581dcd5148282aebfe365c,5d573570930d0a23ddcc7ba7,student
5d581dcd5148282aebfe365e,5d573570930d0a23ddcc7ba8,student
5d581dcd5148282aebfe3660,5d573570930d0a23ddcc7ba6,student
5d581dcd5148282aebfe3662,5d573570930d0a23ddcc7ba9,student
5d581dcd5148282aebfe3664,5d573570930d0a23ddcc7baa,student
5d581dcd5148282aebfe3666,5d573570930d0a23ddcc7bab,student
5d581dcd5148282aebfe3668,5d573570930d0a23ddcc7bac,student
5d581dcd5148282aebfe366a,5d573570930d0a23ddcc7bad,student
5d581dcd5148282aebfe366c,5d573570930d0a23ddcc7bae,student
5d581dcd5148282aebfe366e,5d573570930d0a23ddcc7b55,student
5d581dcd5148282aebfe3670,5d573570930d0a23ddcc7b57,student
5d581dcd5148282aebfe3672,5d573570930d0a23ddcc7b58,student
5d581dcd5148282aebfe3674,5d573570930d0a23ddcc7b59,student
5d581dcd5148282aebfe3676,5d573570930d0a23ddcc7b56,student
5d581dcd5148282aebfe3678,5d573570930d0a23ddcc7b5a,student
5d581dcd5148282aebfe367a,5d573570930d0a23ddcc7b5c,student
5d581dcd5148282aebfe367c,5d573570930d0a23ddcc7b5d,student
5d581dcd5148282aebfe367e,5d573570930d0a23ddcc7b5b,student
5d581dcd5148282aebfe3680,5d573570930d0a23ddcc7b5e,teacher
5d581dcd5148282aebfe3682,5d573570930d0a23ddcc7b5f,student
5d581dcd5148282aebfe3684,5d573570930d0a23ddcc7b61,student
5d581dcd5148282aebfe3686,5d573570930d0a23ddcc7b62,student
5d581dcd5148282aebfe3688,5d573570930d0a23ddcc7b60,student
5d581dcd5148282aebfe368a,5d573570930d0a23ddcc7b63,student
5d581dcd5148282aebfe368c,5d573570930d0a23ddcc7b64,student
5d581dcd5148282aebfe368e,5d573570930d0a23ddcc7b66,student
5d581dcd5148282aebfe3690,5d573570930d0a23ddcc7b67,student
5d581dcd5148282aebfe3692,5d573570930d0a23ddcc7b65,student
5d581dcd5148282aebfe3694,5d573570930d0a23ddcc7b68,student
5d581dcd5148282aebfe3696,5d573570930d0a23ddcc7b69,student
5d581dcd5148282aebfe3698,5d573570930d0a23ddcc7b6a,student
5d581dcd5148282aebfe369a,5d573570930d0a23ddcc7b6b,student
5d581dcd5148282aebfe369c,5d573570930d0a23ddcc7b6c,student
5d581dcd5148282aebfe369e,5d573570930d0a23ddcc7b6d,student
5d581dcd5148282aebfe36a0,5d573570930d0a23ddcc7b6e,student
5d581dcd5148282aebfe36a2,5d573570930d0a23ddcc7b70,student
5d581dcd5148282aebfe36a4,5d573570930d0a23ddcc7b6f,student
5d581dcd5148282aebfe36a6,5d573570930d0a23ddcc7b71,student
5d581dcd5148282aebfe36a8,5d573570930d0a23ddcc7b73,student
5d581dcd5148282aebfe36aa,5d573570930d0a23ddcc7b72,student
5d581dcd5148282aebfe36ac,5d573570930d0a23ddcc7b75,student
5d581dcd5148282aebfe36ae,5d573570930d0a23ddcc7b76,student
5d581dcd5148282aebfe36b0,5d573570930d0a23ddcc7b74,student
5d581dcd5148282aebfe36b2,5d573570930d0a23ddcc7b77,student
5d581dcd5148282aebfe36b4,5d573570930d0a23ddcc7b78,student
5d581dcd5148282aebfe36b6,5d573570930d0a23ddcc7b7a,student
5d581dcd5148282aebfe36b8,5d573570930d0a23ddcc7b79,teacher
5d581dcd5148282aebfe36ba,5d573570930d0a23ddcc7b7b,student
5d581dcd5148282aebfe36bc,5d573570930d0a23ddcc7b7c,student
5d581dcd5148282aebfe36be,5d573570930d0a23ddcc7b7d,student
5d581dcd5148282aebfe36c0,5d573570930d0a23ddcc7b7f,student
5d581dcd5148282aebfe36c2,5d573570930d0a23ddcc7b80,student
5d581dcd5148282aebfe36c4,5d573570930d0a23ddcc7b7e,student
5d581dcd5148282aebfe36c6,5d573570930d0a23ddcc7b81,student
5d581dcd5148282aebfe36c8,5d573570930d0a23ddcc7b82,student
5d581dcd5148282aebfe36ca,5d573570930d0a23ddcc7b83,student
5d581dcd5148282aebfe36cc,5d573570930d0a23ddcc7b84,student
5d581dcd5148282aebfe36ce,5d573570930d0a23ddcc7b85,student
5d581dcd5148282aebfe36d0,5d573570930d0a23ddcc7b87,student
5d581dcd5148282aebfe36d2,5d573570930d0a23ddcc7b86,student
5d581dcd5148282aebfe36d4,5d573570930d0a23ddcc7b88,student
5d581dcd5148282aebfe36d6,5d573570930d0a23ddcc7b89,student
5d581dcd5148282aebfe36d8,5d573570930d0a23ddcc7b8a,student
5d581dcd5148282aebfe36da,5d573570930d0a23ddcc7b8b,student
5d581dcd5148282aebfe36dc,5d573570930d0a23ddcc7b8c,student
5d581dcd5148282aebfe36de,5d573570930d0a23ddcc7b8d,student
5d581dcd5148282aebfe36e0,5d573570930d0a23ddcc7b8e,student
5d581dcd5148282aebfe36e2,5d573570930d0a23ddcc7b8f,student
5d581dcd5148282aebfe36e4,5d573570930d0a23ddcc7b90,student
5d581dcd5148282aebfe36e6,5d573570930d0a23ddcc7b91,student
5d581dcd5148282aebfe36e8,5d573570930d0a23ddcc7b92,student
5d581dcd5148282aebfe36ea,5d573570930d0a23ddcc7b93,student
5d581dcd5148282aebfe36ec,5d573570930d0a23ddcc7b94,student
5d581dcd5148282aebfe36ee,5d573570930d0a23ddcc7b95,student
5d581dcd5148282aebfe36f0,5d573570930d0a23ddcc7b96,student
5d581dcd5148282aebfe36f2,5d573570930d0a23ddcc7b97,student
5d581dcd5148282aebfe36f4,5d573570930d0a23ddcc7b98,student
5d581dcd5148282aebfe36f6,5d573570930d0a23ddcc7b99,student
5d581dcd5148282aebfe36f8,5d573570930d0a23ddcc7b9a,student
5d581dcd5148282aebfe36fa,5d573570930d0a23ddcc7b9b,student
5d581dcd5148282aebfe36fc,5d573570930d0a23ddcc7b9c,student
5d581dcd5148282aebfe36fe,5d573570930d0a23ddcc7b9d,student
5d581dcd5148282aebfe3700,5d573570930d0a23ddcc7b9e,student
5d581dcd5148282aebfe3702,5d573570930d0a23ddcc7b9f,student
5d581dcd5148282aebfe3704,5d573570930d0a23ddcc7ba0,student
5d581dcd5148282aebfe3706,5d573570930d0a23ddcc7ba1,student
5d581dcd5148282aebfe3708,5d573570930d0a23ddcc7ba2,student
5d581dcd5148282aebfe370a,5d573570930d0a23ddcc7ba3,student
5d581dcd5148282aebfe370c,5d573570930d0a23ddcc7ba4,student
5d581dcd5148282aebfe370e,5d573570930d0a23ddcc7ba5,student
5d581dcd5148282aebfe3710,5d573570930d0a23ddcc7ba7,student
5d581dcd5148282aebfe3712,5d573570930d0a23ddcc7ba8,teacher
5d581dcd5148282aebfe3714,5d573570930d0a23ddcc7ba6,student
5d581dcd5148282aebfe3716,5d573570930d0a23ddcc7ba9,student
5d581dcd5148282aebfe3718,5d573570930d0a23ddcc7baa,student
5d581dcd5148282aebfe371a,5d573570930d0a23ddcc7bab,student
5d581dcd5148282aebfe371c,5d573570930d0a23ddcc7bac,student
5d581dcd5148282aebfe371e,5d573570930d0a23ddcc7bad,student
5d581dcd5148282aebfe3720,5d573570930d0a23ddcc7bae,student
5d581dcd5148282aebfe3722,5d573570930d0a23ddcc7b55,student
5d581dcd5148282aebfe3724,5d573570930d0a23ddcc7b57,student
5d581dcd5148282aebfe3726,5d573570930d0a23ddcc7b58,student
5d581dcd5148282aebfe3728,5d573570930d0a23ddcc7b59,student
5d581dcd5148282aebfe372a,5d573570930d0a23ddcc7b56,student
5d581dcd5148282aebfe372c,5d573570930d0a23ddcc7b5a,student
5d581dcd5148282aebfe372e,5d573570930d0a23ddcc7b5c,student
5d581dce5148282aebfe3730,5d573570930d0a23ddcc7b5d,student
5d581dce5148282aebfe3736,5d573570930d0a23ddcc7b5b,student
5d581dce5148282aebfe3732,5d573570930d0a23ddcc7b5e,student
5d581dce5148282aebfe3734,5d573570930d0a23ddcc7b5f,student
5d581dce5148282aebfe3738,5d573570930d0a23ddcc7b61,teacher
5d581dce5148282aebfe373a,5d573570930d0a23ddcc7b62,student
5d581dce5148282aebfe373e,5d573570930d0a23ddcc7b60,student
5d581dce5148282aebfe3740,5d573570930d0a23ddcc7b63,student
5d581dce5148282aebfe373c,5d573570930d0a23ddcc7b64,student
5d581dce5148282aebfe3742,5d573570930d0a23ddcc7b66,student
5d581dce5148282aebfe3744,5d573570930d0a23ddcc7b67,student
5d581dce5148282aebfe3748,5d573570930d0a23ddcc7b65,student
5d581dce5148282aebfe3746,5d573570930d0a23ddcc7b68,student
5d581dce5148282aebfe374a,5d573570930d0a23ddcc7b69,student
5d581dce5148282aebfe374c,5d573570930d0a23ddcc7b6a,student
5d581dce5148282aebfe374e,5d573570930d0a23ddcc7b6b,student
5d581dce5148282aebfe3752,5d573570930d0a23ddcc7b6c,student
5d581dce5148282aebfe3754,5d573570930d0a23ddcc7b6d,student
5d581dce5148282aebfe3750,5d573570930d0a23ddcc7b6e,student
5d581dce5148282aebfe3756,5d573570930d0a23ddcc7b70,student
5d581dce5148282aebfe3758,5d573570930d0a23ddcc7b6f,student
5d581dce5148282aebfe375c,5d573570930d0a23ddcc7b71,student
5d581dce5148282aebfe375a,5d573570930d0a23ddcc7b73,student
5d581dcd5148282aebfe3636,5d573570930d0a23ddcc7b72,student
5d581dcd5148282aebfe3634,5d573570930d0a23ddcc7b75,student
5d581dcd5148282aebfe3638,5d573570930d0a23ddcc7b76,student
5d581dcd5148282aebfe363a,5d573570930d0a23ddcc7b74,student
5d581dcd5148282aebfe3640,5d573570930d0a23ddcc7b77,student
5d581dcd5148282aebfe3632,5d573570930d0a23ddcc7b78,student
5d581dcd5148282aebfe363c,5d573570930d0a23ddcc7b7a,student
5d581dcd5148282aebfe363e,5d573570930d0a23ddcc7b79,student
5d581dcd5148282aebfe3642,5d573570930d0a23ddcc7b7b,student
5d581dcd5148282aebfe3644,5d573570930d0a23ddcc7b7c,student
5d581dcd5148282aebfe3646,5d573570930d0a23ddcc7b7d,student
5d581dcd5148282aebfe3648,5d573570930d0a23ddcc7b7f,student
5d581dcd5148282aebfe364a,5d573570930d0a23ddcc7b80,student
5d581dcd5148282aebfe364c,5d573570930d0a23ddcc7b7e,student
5d581dcd5148282aebfe364e,5d573570930d0a23ddcc7b81,student
5d581dcd5148282aebfe3650,5d573570930d0a23ddcc7b82,student
5d581dcd5148282aebfe3652,5d573570930d0a23ddcc7b83,student
5d581dcd5148282aebfe3654,5d573570930d0a23ddcc7b84,student
5d581dcd5148282aebfe3656,5d573570930d0a23ddcc7b85,student
5d581dcd5148282aebfe3658,5d573570930d0a23ddcc7b87,student
5d581dcd5148282aebfe365a,5d573570930d0a23ddcc7b86,student
5d581dcd5148282aebfe365c,5d573570930d0a23ddcc7b88,student
5d581dcd5148282aebfe365e,5d573570930d0a23ddcc7b89,student
5d581dcd5148282aebfe3660,5d573570930d0a23ddcc7b8a,student
5d581dcd5148282aebfe3662,5d573570930d0a23ddcc7b8b,student
5d581dcd5148282aebfe3664,5d573570930d0a23ddcc7b8c,student
5d581dcd5148282aebfe3666,5d573570930d0a23ddcc7b8d,student
5d581dcd5148282aebfe3668,5d573570930d0a23ddcc7b8e,student
5d581dcd5148282aebfe366a,5d573570930d0a23ddcc7b8f,student
5d581dcd5148282aebfe366c,5d573570930d0a23ddcc7b90,student
5d581dcd5148282aebfe366e,5d573570930d0a23ddcc7b91,student
5d581dcd5148282aebfe3670,5d573570930d0a23ddcc7b92,student
5d581dcd5148282aebfe3672,5d573570930d0a23ddcc7b93,student
5d581dcd5148282aebfe3674,5d573570930d0a23ddcc7b94,student
5d581dcd5148282aebfe3676,5d573570930d0a23ddcc7b95,student
5d581dcd5148282aebfe3678,5d573570930d0a23ddcc7b96,student
5d581dcd5148282aebfe367a,5d573570930d0a23ddcc7b97,student
5d581dcd5148282aebfe367c,5d573570930d0a23ddcc7b98,student
5d581dcd5148282aebfe367e,5d573570930d0a23ddcc7b99,student
5d581dcd5148282aebfe3680,5d573570930d0a23ddcc7b9a,student
5d581dcd5148282aebfe3682,5d573570930d0a23ddcc7b9b,student
5d581dcd5148282aebfe3684,5d573570930d0a23ddcc7b9c,student
5d581dcd5148282aebfe3686,5d573570930d0a23ddcc7b9d,student
5d581dcd5148282aebfe3688,5d573570930d0a23ddcc7b9e,student
5d581dcd5148282aebfe368a,5d573570930d0a23ddcc7b9f,student
5d581dcd5148282aebfe368c,5d573570930d0a23ddcc7ba0,student
5d581dcd5148282aebfe368e,5d573570930d0a23ddcc7ba1,student
5d581dcd5148282aebfe3690,5d573570930d0a23ddcc7ba2,student
5d581dcd5148282aebfe3692,5d573570930d0a23ddcc7ba3,student
5d581dcd5148282aebfe3694,5d573570930d0a23ddcc7ba4,student
5d581dcd5148282aebfe3696,5d573570930d0a23ddcc7ba5,student
5d581dcd5148282aebfe3698,5d573570930d0a23ddcc7ba7,student
5d581dcd5148282aebfe369a,5d573570930d0a23ddcc7ba8,student
5d581dcd5148282aebfe369c,5d573570930d0a23ddcc7ba6,student
5d581dcd5148282aebfe369e,5d573570930d0a23ddcc7ba9,student
5d581dcd5148282aebfe36a0,5d573570930d0a23ddcc7baa,student
5d581dcd5148282aebfe36a2,5d573570930d0a23ddcc7bab,student
5d581dcd5148282aebfe36a4,5d573570930d0a23ddcc7bac,student
5d581dcd5148282aebfe36a6,5d573570930d0a23ddcc7bad,student
5d581dcd5148282aebfe36a8,5d573570930d0a23ddcc7bae,student
5d581dcd5148282aebfe36aa,5d573570930d0a23ddcc7b55,student
5d581dcd5148282aebfe36ac,5d573570930d0a23ddcc7b57,student
5d581dcd5148282aebfe36ae,5d573570930d0a23ddcc7b58,student
5d581dcd5148282aebfe36b0,5d573570930d0a23ddcc7b59,student
5d581dcd5148282aebfe36b2,5d573570930d0a23ddcc7b56,student
5d581dcd5148282aebfe36b4,5d573570930d0a23ddcc7b5a,student
5d581dcd5148282aebfe36b6,5d573570930d0a23ddcc7b5c,student
5d581dcd5148282aebfe36b8,5d573570930d0a23ddcc7b5d,student
5d581dcd5148282aebfe36ba,5d573570930d0a23ddcc7b5b,student
5d581dcd5148282aebfe36bc,5d573570930d0a23ddcc7b5e,student
5d581dcd5148282aebfe36be,5d573570930d0a23ddcc7b5f,student
5d581dcd5148282aebfe36c0,5d573570930d0a23ddcc7b61,student
5d581dcd5148282aebfe36c2,5d573570930d0a23ddcc7b62,student
5d581dcd5148282aebfe36c4,5d573570930d0a23ddcc7b60,student
5d581dcd5148282aebfe36c6,5d573570930d0a23ddcc7b63,student
5d581dcd5148282aebfe36c8,5d573570930d0a23ddcc7b64,student
5d581dcd5148282aebfe36ca,5d573570930d0a23ddcc7b66,student
5d581dcd5148282aebfe36cc,5d573570930d0a23ddcc7b67,student
5d581dcd5148282aebfe36ce,5d573570930d0a23ddcc7b65,student
5d581dcd5148282aebfe36d0,5d573570930d0a23ddcc7b68,student
5d581dcd5148282aebfe36d2,5d573570930d0a23ddcc7b69,student
5d581dcd5148282aebfe36d4,5d573570930d0a23ddcc7b6a,student
5d581dcd5148282aebfe36d6,5d573570930d0a23ddcc7b6b,student
5d581dcd5148282aebfe36d8,5d573570930d0a23ddcc7b6c,student
5d581dcd5148282aebfe36da,5d573570930d0a23ddcc7b6d,student
5d581dcd5148282aebfe36dc,5d573570930d0a23ddcc7b6e,student
5d581dcd5148282aebfe36de,5d573570930d0a23ddcc7b70,student
5d581dcd5148282aebfe36e0,5d573570930d0a23ddcc7b6f,student
5d581dcd5148282aebfe36e2,5d573570930d0a23ddcc7b71,student
5d581dcd5148282aebfe36e4,5d573570930d0a23ddcc7b73,student
5d581dcd5148282aebfe36e6,5d573570930d0a23ddcc7b72,student
5d581dcd5148282aebfe36e8,5d573570930d0a23ddcc7b75,student
5d581dcd5148282aebfe36ea,5d573570930d0a23ddcc7b76,student
5d581dcd5148282aebfe36ec,5d573570930d0a23ddcc7b74,student
5d581dcd5148282aebfe36ee,5d573570930d0a23ddcc7b77,student
5d581dcd5148282aebfe36f0,5d573570930d0a23ddcc7b78,student
5d581dcd5148282aebfe36f2,5d573570930d0a23ddcc7b7a,student
5d581dcd5148282aebfe36f4,5d573570930d0a23ddcc7b79,student
5d581dcd5148282aebfe36f6,5d573570930d0a23ddcc7b7b,student
5d581dcd5148282aebfe36f8,5d573570930d0a23ddcc7b7c,student
5d581dcd5148282aebfe36fa,5d573570930d0a23ddcc7b7d,student
5d581dcd5148282aebfe36fc,5d573570930d0a23ddcc7b7f,student
5d581dcd5148282aebfe36fe,5d573570930d0a23ddcc7b80,student
5d581dcd5148282aebfe3700,5d573570930d0a23ddcc7b7e,student
5d581dcd5148282aebfe3702,5d573570930d0a23ddcc7b81,student
5d581dcd5148282aebfe3704,5d573570930d0a23ddcc7b82,student
5d581dcd5148282aebfe3706,5d573570930d0a23ddcc7b83,student
5d581dcd5148282aebfe3708,5d573570930d0a23ddcc7b84,student
5d581dcd5148282aebfe370a,5d573570930d0a23ddcc7b85,student
5d581dcd5148282aebfe370c,5d573570930d0a23ddcc7b87,student
5d581dcd5148282aebfe370e,5d573570930d0a23ddcc7b86,student
5d581dcd5148282aebfe3710,5d573570930d0a23ddcc7b88,student
5d581dcd5148282aebfe3712,5d573570930d0a23ddcc7b89,student
5d581dcd5148282aebfe3714,5d573570930d0a23ddcc7b8a,student
5d581dcd5148282aebfe3716,5d573570930d0a23ddcc7b8b,student
5d581dcd5148282aebfe3718,5d573570930d0a23ddcc7b8c,student
5d581dcd5148282aebfe371a,5d573570930d0a23ddcc7b8d,student
5d581dcd5148282aebfe371c,5d573570930d0a23ddcc7b8e,student
5d581dcd5148282aebfe371e,5d573570930d0a23ddcc7b8f,student
5d581dcd5148282aebfe3720,5d573570930d0a23ddcc7b90,student
5d581dcd5148282aebfe3722,5d573570930d0a23ddcc7b91,student
5d581dcd5148282aebfe3724,5d573570930d0a23ddcc7b92,student
5d581dcd5148282aebfe3726,5d573570930d0a23ddcc7b93,student
5d581dcd5148282aebfe3728,5d573570930d0a23ddcc7b94,student
5d581dcd5148282aebfe372a,5d573570930d0a23ddcc7b95,student
5d581dcd5148282aebfe372c,5d573570930d0a23ddcc7b96,student
5d581dcd5148282aebfe372e,5d573570930d0a23ddcc7b97,student
5d581dce5148282aebfe3730,5d573570930d0a23ddcc7b98,student
5d581dce5148282aebfe3736,5d573570930d0a23ddcc7b99,student
5d581dce5148282aebfe3732,5d573570930d0a23ddcc7b9a,student
5d581dce5148282aebfe3734,5d573570930d0a23ddcc7b9b,student
5d581dce5148282aebfe3738,5d573570930d0a23ddcc7b9c,teacher
5d581dce5148282aebfe373a,5d573570930d0a23ddcc7b9d,student
5d581dce5148282aebfe373e,5d573570930d0a23ddcc7b9e,student
5d581dce5148282aebfe3740,5d573570930d0a23ddcc7b9f,student
5d581dce5148282aebfe373c,5d573570930d0a23ddcc7ba0,student
5d581dce5148282aebfe3742,5d573570930d0a23ddcc7ba1,student
5d581dce5148282aebfe3744,5d573570930d0a23ddcc7ba2,student
5d581dce5148282aebfe3748,5d573570930d0a23ddcc7ba3,student
5d581dce5148282aebfe3746,5d573570930d0a23ddcc7ba4,student
5d581dce5148282aebfe374a,5d573570930d0a23ddcc7ba5,student
5d581dce5148282aebfe374c,5d573570930d0a23ddcc7ba7,student
5d581dce5148282aebfe374e,5d573570930d0a23ddcc7ba8,student
5d581dce5148282aebfe3752,5d573570930d0a23ddcc7ba6,student
5d581dce5148282aebfe3754,5d573570930d0a23ddcc7ba9,student
5d581dce5148282aebfe3750,5d573570930d0a23ddcc7baa,student
5d581dce5148282aebfe3756,5d573570930d0a23ddcc7bab,student
5d581dce5148282aebfe3758,5d573570930d0a23ddcc7bac,student
5d581dce5148282aebfe375c,5d573570930d0a23ddcc7bad,student
5d581dce5148282aebfe375a,5d573570930d0a23ddcc7bae,student